"Category","Cost"
"Electricity",44281840.88000001
"Natural Gas",3951532.9299999997
"Water and Sewer",1269402.82
"Internet",102480.68
"Water",34217.55999999999
